{"==":"org.bukkit.Location","world":"factions","x":-25.605329078475915,"y":140.86815527058724,"z":42.230516966727066,"pitch":57.23618,"yaw":186.03821}