{"==":"org.bukkit.Location","world":"factions","x":75.20425906138234,"y":100.23160251587541,"z":33.82871536472965,"pitch":35.09996,"yaw":200.65027}