{"==":"org.bukkit.Location","world":"factions","x":2.26894937814278,"y":77.0,"z":31.463460969472322,"pitch":31.008444,"yaw":-90.48146}