{"==":"org.bukkit.Location","world":"Lobby","x":-18.458859522465172,"y":9.0,"z":159.3642771796879,"pitch":11.108528,"yaw":177.6308}